column_barcode_id,column_id,barcode_seq,primer_prefix_seq
iC701,01,ATTACTCG,GATATTACTCGAGCGGATAACAATTTCACACAGGA
iC702,02,TCCGGAGA,GATTCCGGAGAAGCGGATAACAATTTCACACAGGA
iC703,03,CGCTCATT,GATCGCTCATTAGCGGATAACAATTTCACACAGGA
iC704,04,GAGATTCC,GATGAGATTCCAGCGGATAACAATTTCACACAGGA
iC705,05,ATTCAGAA,GATATTCAGAAAGCGGATAACAATTTCACACAGGA
iC706,06,GAATTCGT,GATGAATTCGTAGCGGATAACAATTTCACACAGGA
iC707,07,CTGAAGCT,GATCTGAAGCTAGCGGATAACAATTTCACACAGGA
iC708,08,TAATGCGC,GATTAATGCGCAGCGGATAACAATTTCACACAGGA
iC709,09,CGGCTATG,GATCGGCTATGAGCGGATAACAATTTCACACAGGA
iC710,10,TCCGCGAA,GATTCCGCGAAAGCGGATAACAATTTCACACAGGA
iC711,11,TCTCGCGC,GATTCTCGCGCAGCGGATAACAATTTCACACAGGA
iC712,12,AGCGATAG,GATAGCGATAGAGCGGATAACAATTTCACACAGGA
